[{"model": "app.sport", "pk": 1, "fields": {"name": "Soccer"}}, {"model": "app.sport", "pk": 2, "fields": {"name": "Basketball"}}, {"model": "app.sport", "pk": 4, "fields": {"name": "Tennis"}}, {"model": "app.sport", "pk": 5, "fields": {"name": "Baseball"}}, {"model": "app.sport", "pk": 6, "fields": {"name": "Softball"}}, {"model": "app.sport", "pk": 7, "fields": {"name": "Kickball"}}, {"model": "app.sport", "pk": 8, "fields": {"name": "Volleyball"}}, {"model": "app.location", "pk": 1, "fields": {"name": "Cleveland Park Ball Field", "lat": 34.84902, "lng": -82.38332, "sport": [5, 6, 7]}}, {"model": "app.location", "pk": 2, "fields": {"name": "Cleveland Park Tennis Courts", "lat": 34.84799, "lng": -82.38395, "sport": [4]}}, {"model": "app.location", "pk": 3, "fields": {"name": "Cleveland Park Sand Volleyball", "lat": 34.84189, "lng": -82.3858, "sport": [8]}}, {"model": "app.location", "pk": 4, "fields": {"name": "Gower Park Ball Fields", "lat": 34.8306, "lng": -82.35062, "sport": [5, 6, 7]}}, {"model": "app.location", "pk": 5, "fields": {"name": "Gower Park Tennis Courts", "lat": 34.82986, "lng": -82.35081, "sport": [4]}}, {"model": "app.location", "pk": 6, "fields": {"name": "Gower Park Basketball Courts", "lat": 34.82942, "lng": -82.35081, "sport": [2]}}, {"model": "app.location", "pk": 7, "fields": {"name": "Legacy Park Sand Volleyball", "lat": 34.8292, "lng": -82.33144, "sport": [8]}}, {"model": "app.location", "pk": 8, "fields": {"name": "Pittman Park Soccer Complex", "lat": 34.85216, "lng": -82.29121, "sport": [1]}}, {"model": "app.location", "pk": 9, "fields": {"name": "Butler Springs Tennis Courts", "lat": 34.86933, "lng": -82.33581, "sport": [4]}}, {"model": "app.location", "pk": 10, "fields": {"name": "Butler Springs Ball Fields", "lat": 34.86879, "lng": -82.33696, "sport": [5, 6, 7]}}, {"model": "app.location", "pk": 11, "fields": {"name": "Timmons Park Ball Fields", "lat": 34.8661, "lng": -82.37626, "sport": [5, 6, 7]}}, {"model": "app.location", "pk": 12, "fields": {"name": "Timmons Park Tennis Courts", "lat": 34.86596, "lng": -82.37495, "sport": [4]}}, {"model": "app.location", "pk": 13, "fields": {"name": "Holmes Park Ball Field", "lat": 34.87998, "lng": -82.36795, "sport": [5, 6, 7]}}, {"model": "app.location", "pk": 14, "fields": {"name": "Herdklotz Park Soccer Fields", "lat": 34.89798, "lng": -82.37444, "sport": [1]}}, {"model": "app.location", "pk": 15, "fields": {"name": "Herdklotz Park Sand Volleyball", "lat": 34.8979, "lng": -82.37307, "sport": [8]}}, {"model": "app.location", "pk": 16, "fields": {"name": "Mayberry Park Ball Field", "lat": 34.85186, "lng": -82.41433, "sport": [5, 6, 7]}}, {"model": "app.location", "pk": 17, "fields": {"name": "North Main Park Ball Field", "lat": 34.86609, "lng": -82.39354, "sport": [5, 6, 7]}}, {"model": "app.location", "pk": 19, "fields": {"name": "East Riverside Park Ball Field", "lat": 34.90717, "lng": -82.26075, "sport": [5, 6, 7]}}, {"model": "app.team", "pk": 1, "fields": {"name": "The Iron Yard", "home_field": 17, "logo": "2016-10-31_04.54.45_1_copy.jpg", "players": [1, 4, 5, 6]}}, {"model": "app.team", "pk": 2, "fields": {"name": "The Dapperest Pooters", "home_field": 8, "logo": "succeed-copy.jpg", "players": [1, 2, 7]}}, {"model": "app.event", "pk": 1, "fields": {"name": "Soccer at Pittman", "created_by": 1, "description": "Let's get 7v7 going at Pittman this friday", "sport": 1, "date": "2016-12-02", "time": "14:00:00", "location": 8, "visibility": "Private", "participants": [1, 2, 4, 7], "team": []}}, {"model": "app.event", "pk": 4, "fields": {"name": "Basketball at Gower Park", "created_by": 1, "description": "Basketball on one of the many courts at Gower Park. Invite friends and we can have multiple games at once.", "sport": 2, "date": "2016-12-09", "time": "18:30:00", "location": 6, "visibility": "Public", "participants": [1, 4, 5], "team": []}}, {"model": "app.event", "pk": 5, "fields": {"name": "Let's play Kickball", "created_by": 1, "description": "Kickball game at Gower Park. Bring as many friends as possible! Beer will be provided!", "sport": 7, "date": "2016-11-24", "time": "17:00:00", "location": 4, "visibility": "Public", "participants": [1, 2, 4], "team": []}}, {"model": "app.event", "pk": 6, "fields": {"name": "Tennis with Friends", "created_by": 1, "description": "Sally and the girls getting together for some 4.0 women's doubles.", "sport": 4, "date": "2016-11-30", "time": "09:30:00", "location": 9, "visibility": "Public", "participants": [1, 2, 7], "team": []}}, {"model": "app.event", "pk": 7, "fields": {"name": "Joel's Kickball League", "created_by": 1, "description": "We play kickball", "sport": 7, "date": "2016-11-26", "time": "08:00:00", "location": 1, "visibility": "", "participants": [5, 6, 7], "team": []}}, {"model": "app.event", "pk": 8, "fields": {"name": "Shutup Baseball", "created_by": 1, "description": "asdk", "sport": 5, "date": "2016-11-08", "time": "22:00:00", "location": 5, "visibility": "", "participants": [1, 4, 6], "team": []}}, {"model": "app.event", "pk": 9, "fields": {"name": "TIY Basketball Day", "created_by": 5, "description": "All the ballers at The Iron Yard throwin down.", "sport": 2, "date": "2016-12-05", "time": "12:30:00", "location": 6, "visibility": "Private", "participants": [], "team": [1]}}, {"model": "app.profile", "pk": 1, "fields": {"user": 1, "first_name": "Sam", "last_name": "Seaver", "age": 23, "profile_picture": "Headshot.jpg", "email": "sseaver321@gmail.com", "fav_sports": [1, 2, 4, 5, 6, 7, 8]}}, {"model": "app.profile", "pk": 2, "fields": {"user": 2, "first_name": "Art", "last_name": "Seaver", "age": 52, "profile_picture": "joker.jpg", "email": "aseaver@southernfirst.com", "fav_sports": [1, 2]}}, {"model": "app.profile", "pk": 4, "fields": {"user": 4, "first_name": "Sean", "last_name": "Thompson", "age": 30, "profile_picture": "20160902_200626.jpg", "email": "", "fav_sports": [2, 5]}}, {"model": "app.profile", "pk": 5, "fields": {"user": 5, "first_name": "Joel", "last_name": "Taddei", "age": 33, "profile_picture": "joel.jpg", "email": "jtaddei@theironyard.com", "fav_sports": [2, 7, 8]}}, {"model": "app.profile", "pk": 6, "fields": {"user": 6, "first_name": "Robbie", "last_name": "Allen", "age": 23, "profile_picture": "", "email": "fsciety1@gmail.com", "fav_sports": [2, 5]}}, {"model": "app.profile", "pk": 7, "fields": {"user": 7, "first_name": "Pooter", "last_name": "Cat", "age": 18, "profile_picture": "pizzaception.gif", "email": "pooter@cat.com", "fav_sports": [1, 4, 7]}}, {"model": "app.profile", "pk": 8, "fields": {"user": 8, "first_name": "Davis", "last_name": "Crain", "age": 26, "profile_picture": "", "email": "dcrain@yay.com", "fav_sports": []}}, {"model": "app.star_rating", "pk": 25, "fields": {"rater": 1, "being_rated": 2, "rating": 1}}, {"model": "app.star_rating", "pk": 26, "fields": {"rater": 1, "being_rated": 4, "rating": 5}}, {"model": "app.star_rating", "pk": 27, "fields": {"rater": 1, "being_rated": 5, "rating": 2}}, {"model": "app.star_rating", "pk": 28, "fields": {"rater": 2, "being_rated": 1, "rating": 3}}, {"model": "app.star_rating", "pk": 29, "fields": {"rater": 2, "being_rated": 4, "rating": 3}}, {"model": "app.star_rating", "pk": 30, "fields": {"rater": 2, "being_rated": 5, "rating": 4}}, {"model": "app.star_rating", "pk": 31, "fields": {"rater": 5, "being_rated": 1, "rating": 5}}, {"model": "app.star_rating", "pk": 32, "fields": {"rater": 5, "being_rated": 2, "rating": 4}}, {"model": "app.star_rating", "pk": 33, "fields": {"rater": 5, "being_rated": 4, "rating": 3}}, {"model": "app.star_rating", "pk": 34, "fields": {"rater": 4, "being_rated": 1, "rating": 4}}, {"model": "app.star_rating", "pk": 35, "fields": {"rater": 4, "being_rated": 2, "rating": 5}}, {"model": "app.star_rating", "pk": 36, "fields": {"rater": 4, "being_rated": 5, "rating": 4}}, {"model": "app.star_rating", "pk": 38, "fields": {"rater": 6, "being_rated": 1, "rating": 3}}, {"model": "app.star_rating", "pk": 41, "fields": {"rater": 7, "being_rated": 1, "rating": 1}}, {"model": "app.star_rating", "pk": 42, "fields": {"rater": 7, "being_rated": 2, "rating": 5}}, {"model": "app.star_rating", "pk": 43, "fields": {"rater": 7, "being_rated": 4, "rating": 1}}, {"model": "app.star_rating", "pk": 44, "fields": {"rater": 1, "being_rated": 7, "rating": 5}}, {"model": "app.star_rating", "pk": 45, "fields": {"rater": 1, "being_rated": 6, "rating": 4}}, {"model": "app.comment", "pk": 1, "fields": {"content": "Looking forward to playing! See you guys there!", "relation_user": 1, "relation_event": 1, "creation_time": "2016-11-22T18:27:26.947Z", "edit_time": "2016-11-22T19:14:34.725Z"}}]